-- Вставка данных в созданные таблицы
USE
    CommercialPolyclinic;
GO

-- Заполнение таблицы Contacts
INSERT INTO Clinic.Contacts (Phone, Email, TelegramNickname, VKNickname)
VALUES (N'+79161234567', N'elena.smirnova@mail.ru', N'@ElenaS', N'elena_smirnova'),
       (N'+79259876543', N'andrey.ivanov@yandex.ru', N'@AndreyI', N'andrey_ivanov'),
       (N'+79035551234', N'olga.kuznetsova@gmail.com', N'@OlgaK', N'olga_kuznetsova'),
       (N'+79687778899', N'dmitry.popov@rambler.ru', N'@DmitryP', N'dmitry_popov'),
       (N'+79852223344', N'natalia.vasilieva@mail.ru', N'@NataliaV', N'natalia_vasilieva'),
       (N'+79154445566', N'alexander.fedorov@yandex.ru', N'@AlexanderF', N'alex_fedorov'),
       (N'+79266667788', N'irina.morozova@gmail.com', N'@IrinaM', N'irina_morozova'),
       (N'+79098889900', N'sergey.volkov@rambler.ru', N'@SergeyV', N'sergey_volkov'),
       (N'+79671112233', N'tatiana.solovieva@mail.ru', N'@TatianaS', N'tanya_solovieva'),
       (N'+79813334455', N'maxim.kozlov@yandex.ru', N'@MaximK', N'max_kozlov');
-- New data
-- DBCC CHECKIDENT ('Clinic.Contacts', RESEED, 11);
-- DBCC CHECKIDENT ('Clinic.Contacts', NORESEED);
-- Заполнение таблицы Contacts
INSERT INTO Clinic.Contacts (Phone, Email, TelegramNickname, VKNickname)
VALUES (N'+79012345678', N'anna.kovaleva@mail.ru', N'@AnnaK', N'anna_kovaleva'),
       (N'+79123455789', N'ivan.petrov@yandex.ru', N'@IvanP', N'ivan_petrov'),
       (N'+79234537890', N'svetlana.nikolaeva@gmail.com', N'@SvetlanaN', N'svetlana_nikolaeva'),
       (N'+79345638901', N'nikolai.smirnov@rambler.ru', N'@NikolaiS', N'nikolai_smirnov'),
       (N'+79456739012', N'irina.sokolova@mail.ru', N'@IrinaS', N'irina_sokolova'),
       (N'+79563890123', N'anton.borisov@yandex.ru', N'@AntonB', N'anton_borisov'),
       (N'+79673901234', N'ekaterina.malysheva@gmail.com', N'@EkaterinaM', N'ekaterina_malysheva'),
       (N'+79789012345', N'vladimir.kuzmin@rambler.ru', N'@VladimirK', N'vladimir_kuzmin'),
       (N'+79890123456', N'lyudmila.fedoseeva@mail.ru', N'@LyudmilaF', N'lyudmila_fedoseeva');


-- Заполнение таблицы Patient
INSERT INTO Clinic.Patient (ContactID, Name, Surname, Patronymic, BirthDate, Gender, PassportDetails, Address,
                            MedicalInsurancePolicy, SNILS, BloodGroup)
VALUES (1, N'Елена', N'Смирнова', N'Ивановна', '1988-03-15', N'Женский', N'4510 987654',
        N'г. Москва, ул. Тверская, д. 10', N'1234567890123456', N'111-222-333 44', N'A(II)'),
       (2, N'Андрей', N'Иванов', N'Петрович', '1992-11-20', N'Мужской', N'7001 123456',
        N'г. Санкт-Петербург, Невский пр., д. 25', N'9876543210987654', N'555-666-777 88', N'O(I)'),
       (3, N'Ольга', N'Кузнецова', N'Сергеевна', '1975-06-01', N'Женский', N'5005 456789',
        N'г. Екатеринбург, ул. Ленина, д. 5', N'4567890123456789', N'999-000-111 22', N'B(III)'),
       (4, N'Дмитрий', N'Попов', N'Александрович', '1980-09-10', N'Мужской', N'2010 789012',
        N'г. Новосибирск, Красный пр., д. 12', N'7890123456789012', N'222-333-444 55', N'AB(IV)'),
       (5, N'Наталья', N'Васильева', N'Дмитриевна', '1995-04-22', N'Женский', N'8008 345678',
        N'г. Казань, ул. Баумана, д. 8', N'3456789012345678', N'666-777-888 99', N'O(I)'),
       (6, N'Александр', N'Федоров', N'Игоревич', '1983-12-05', N'Мужской', N'6006 678901',
        N'г. Нижний Новгород, ул. Большая Покровская, д. 15', N'6789012345678901', N'000-111-222 33', N'A(II)'),
       (7, N'Ирина', N'Морозова', N'Владимировна', '1978-07-18', N'Женский', N'3003 901234',
        N'г. Самара, ул. Куйбышева, д. 30', N'9012345678901234', N'333-444-555 66', N'B(III)'),
       (8, N'Сергей', N'Волков', N'Николаевич', '1990-01-29', N'Мужской', N'9009 234567',
        N'г. Ростов-на-Дону, ул. Большая Садовая, д. 7', N'2345678901234567', N'777-888-999 00', N'AB(IV)'),
       (9, N'Татьяна', N'Соловьева', N'Алексеевна', '1985-05-12', N'Женский', N'1001 567890',
        N'г. Уфа, пр. Октября, д. 22', N'5678901234567890', N'444-555-666 77', N'O(I)'),
       (10, N'Максим', N'Козлов', N'Юрьевич', '1993-08-03', N'Мужской', N'8008 890123',
        N'г. Красноярск, пр. Мира, д. 4', N'8901234567890123', N'888-999-000 11', N'A(II)');
-- New data
-- DBCC CHECKIDENT ('Clinic.Patient', RESEED, 11);
-- DBCC CHECKIDENT ('Clinic.Patient', NORESEED);
INSERT INTO Clinic.Patient (ContactID, Name, Surname, Patronymic, BirthDate, Gender, PassportDetails, Address,
                            MedicalInsurancePolicy, SNILS, BloodGroup)
VALUES (11, N'Анна', N'Семенова', N'Александровна', '1990-02-15', N'Женский', N'1234 567890',
        N'г. Челябинск, ул. Тракторостроителей, д. 20', N'1234567890123456', N'111-222-333 55', N'A(II)'),
       (12, N'Игорь', N'Сидоров', N'Викторович', '1987-10-30', N'Мужской', N'2345 678901',
        N'г. Владивосток, ул. Светланская, д. 15', N'9876543210987654', N'555-666-777 88', N'O(I)'),
       (13, N'Екатерина', N'Лебедева', N'Сергеевна', '1994-07-25', N'Женский', N'3456 789012',
        N'г. Тюмень, ул. Республики, д. 5', N'4567890123456789', N'999-000-111 22', N'B(III)'),
       (14, N'Денис', N'Ковалев', N'Анатольевич', '1982-11-11', N'Мужской', N'4567 890123',
        N'г. Саратов, ул. Чернышевского, д. 10', N'7890123456789012', N'222-333-444 55', N'AB(IV)'),
       (15, N'Марина', N'Григорьева', N'Петровна', '1991-05-05', N'Женский', N'5678 901234',
        N'г. Ульяновск, ул. Ленина, д. 30', N'3456789012345678', N'666-777-888 99', N'O(I)'),
       (16, N'Станислав', N'Фролов', N'Игоревич', '1985-09-20', N'Мужской', N'6789 012345',
        N'г. Ярославль, ул. Свободы, д. 12', N'6789012345678901', N'000-111-222 33', N'A(II)'),
       (17, N'Оксана', N'Тихонова', N'Владимировна', '1989-03-18', N'Женский', N'7890 123456',
        N'г. Тверь, ул. Советская, д. 8', N'9012345678901234', N'333-444-555 66', N'B(III)'),
       (18, N'Алексей', N'Кузьмин', N'Станиславович', '1996-12-12', N'Мужской', N'8901 234567',
        N'г. Рязань, ул. Гагарина, д. 4', N'2345678901234567', N'777-888-999 00', N'AB(IV)'),
       (19, N'Наталья', N'Савельева', N'Дмитриевна', '1984-06-30', N'Женский', N'9012 345678',
        N'г. Кострома, ул. Ленина, д. 15', N'5678901234567890', N'444-555-666 77', N'O(I)'),
       (20, N'Владимир', N'Смирнов', N'Александрович', '1992-08-22', N'Мужской', N'0123 456789',
        N'г. Смоленск, ул. Кутузова, д. 3', N'8901234567890123', N'888-999-000 11', N'A(II)');


-- Заполнение таблицы LoyaltyProgram
INSERT INTO Clinic.LoyaltyProgram (ProgramName, Description, StartDate, EndDate, Discount)
VALUES (N'Стандартная', N'Стандартная программа лояльности', '2023-01-01', '2024-12-31', 5.00);


-- Заполнение таблицы LoyaltyProgramParticipant
INSERT INTO Clinic.LoyaltyProgramParticipant (ProgramID, PatientID, EnrollmentDate, Status)
VALUES (1, 1, '2023-02-10', N'Активен'),
       (1, 2, '2023-03-15', N'Активен');


-- Заполнение таблицы ServiceType
INSERT INTO Clinic.ServiceType (NameOfService, Description, Price, Category)
VALUES (N'Консультация терапевта', N'Первичный прием терапевта', 1500.00, N'Консультации'),
       (N'Анализ крови', N'Общий анализ крови', 500.00, N'Анализы'),
       (N'УЗИ брюшной полости', N'Ультразвуковое исследование', 2000.00, N'Диагностика'),
       (N'Электрокардиограмма (ЭКГ)', N'Регистрация электрической активности сердца', 800.00, N'Диагностика'),
       (N'Прием кардиолога', N'Консультация врача-кардиолога', 1800.00, N'Консультации'),
       (N'Вакцинация', N'Вакцинация от гриппа', 1000.00, N'Вакцинация');
-- New data
-- DBCC CHECKIDENT ('Clinic.ServiceType', RESEED, 6);
-- DBCC CHECKIDENT ('Clinic.ServiceType', NORESEED);
INSERT INTO Clinic.ServiceType (NameOfService, Description, Price, Category)
VALUES (N'Консультация дерматолога', N'Первичный прием дерматолога', 1600.00, N'Консультации'),
       (N'Анализ крови', N'Общий анализ крови', 300.00, N'Анализы'),
       (N'МРТ головного мозга', N'Магнитно-резонансная томография', 5000.00, N'Диагностика'),
       (N'Рентген грудной клетки', N'Рентгенографическое исследование', 1200.00, N'Диагностика'),
       (N'Прием педиатра', N'Консультация врача-педиатра', 1500.00, N'Консультации'),
       (N'Вакцинация от кори', N'Вакцинация от кори, краснухи и паротита', 1200.00, N'Вакцинация'),
       (N'Консультация эндокринолога', N'Первичный прием эндокринолога', 1700.00, N'Консультации'),
       (N'Анализ на гормоны', N'Комплексный анализ на гормоны', 2500.00, N'Анализы'),
       (N'УЗИ сердца', N'Ультразвуковое исследование сердца', 2200.00, N'Диагностика'),
       (N'Флюорография', N'Флюорографическое исследование легких', 900.00, N'Диагностика'),
       (N'Прием невролога', N'Консультация врача-невролога', 1600.00, N'Консультации'),
       (N'Вакцинация от гепатита', N'Вакцинация против гепатита B', 1100.00, N'Вакцинация'),
       (N'Консультация гастроэнтеролога', N'Первичный прием гастроэнтеролога', 1800.00, N'Консультации'),
       (N'Анализ на аллергию', N'Тест на аллергические реакции', 2000.00, N'Анализы'),
       (N'Эхокардиография', N'Ультразвуковое исследование сердца', 2500.00, N'Диагностика'),
       (N'Прием хирурга', N'Консультация врача-хирурга', 1900.00, N'Консультации'),
       (N'Вакцинация от пневмококка', N'Вакцинация против пневмококковой инфекции', 1300.00, N'Вакцинация'),
       (N'Консультация психотерапевта', N'Первичный прием психотерапевта', 2000.00, N'Консультации'),
       (N'Консультация невролога', N'Первичный прием невролога', 1800.00, N'Консультации');


-- Заполнение таблицы Specialities
INSERT INTO Clinic.Specialities (SpecialityName, Description)
VALUES (N'Терапевт', N'Врач общей практики'),
       (N'Узиолог', N'Врач ультразвуковой диагностики'),
       (N'Кардиолог', N'Врач, специализирующийся на заболеваниях сердца и сосудов');
-- New data
-- DBCC CHECKIDENT ('Clinic.Specialities', RESEED, 3);
-- DBCC CHECKIDENT ('Clinic.Specialities', NORESEED);
INSERT INTO Clinic.Specialities (SpecialityName, Description)
VALUES (N'Невролог', N'Врач, специализирующийся на заболеваниях нервной системы'),
       (N'Хирург', N'Врач, занимающийся хирургическим лечением заболеваний'),
       (N'Педиатр', N'Врач, специализирующийся на лечении детей и подростков'),
       (N'Гинеколог', N'Врач, специализирующийся на женском здоровье'),
       (N'Офтальмолог', N'Врач, занимающийся заболеваниями глаз'),
       (N'Эндокринолог', N'Врач, специализирующийся на заболеваниях эндокринной системы'),
       (N'Дерматолог', N'Врач, занимающийся заболеваниями кожи'),
       (N'Психиатр', N'Врач, специализирующийся на психических расстройствах'),
       (N'Реабилитолог', N'Специалист, занимающийся восстановлением после заболеваний и травм'),
       (N'Стоматолог', N'Врач, занимающийся лечением зубов и полости рта'),
       (N'Ортопед', N'Врач, специализирующийся на заболеваниях опорно-двигательного аппарата'),
       (N'Анестезиолог', N'Врач, занимающийся анестезией и обезболиванием во время операций'),
       (N'Лор (отоларинголог)', N'Врач, специализирующийся на заболеваниях уха, горла и носа'),
       (N'Онколог', N'Врач, занимающийся диагностикой и лечением раковых заболеваний'),
       (N'Иммунолог', N'Специалист, занимающийся вопросами иммунной системы и аллергии'),
       (N'Гастроэнтеролог', N'Врач, специализирующийся на заболеваниях желудочно-кишечного тракта'),
       (N'Травматолог', N'Врач, занимающийся лечением травм и повреждений'),
       (N'Фтизиатр', N'Врач, специализирующийся на лечении туберкулеза'),
       (N'Сосудистый хирург', N'Врач, занимающийся хирургическим лечением заболеваний сосудов'),
       (N'Косметолог', N'Специалист, занимающийся эстетической медициной и косметическими процедурами');


-- Заполнение таблицы MedicalWorker
INSERT INTO Clinic.MedicalWorker (SpecialityID, Name, JobTitle, QualificationCategory, AcademicDegree)
VALUES (1, N'Сидоров Сергей Константинович', N'Врач-терапевт', N'Высшая категория', N'Кандидат медицинских наук'),
       (2, N'Ходина Ольга Анатольевна', N'Врач УЗИ', N'Первая категория', NULL),
       (3, N'Трофимов Антон Юрьевич', N'Врач-кардиолог', N'Вторая категория', NULL),
       (1, N'Крючкова Елена Сергеевна', N'Врач-терапевт', N'Высшая категория', N'Доктор медицинских наук');
-- New data
-- DBCC CHECKIDENT ('Clinic.MedicalWorker', RESEED, 4);
-- DBCC CHECKIDENT ('Clinic.MedicalWorker', NORESEED);
-- Заполнение таблицы MedicalWorker
INSERT INTO Clinic.MedicalWorker (SpecialityID, Name, JobTitle, QualificationCategory, AcademicDegree)
VALUES
       (4, N'Смирнов Алексей Иванович', N'Врач-невролог', N'Высшая категория', N'Кандидат медицинских наук'),
       (5, N'Петрова Мария Васильевна', N'Врач-хирург', N'Первая категория', NULL),
       (6, N'Кузнецов Дмитрий Алексеевич', N'Врач-педиатр', N'Вторая категория', NULL),
       (7, N'Иванова Елена Викторовна', N'Врач-гинеколог', N'Высшая категория', N'Доктор медицинских наук'),
       (8, N'Сидорова Светлана Николаевна', N'Врач-офтальмолог', N'Первая категория', NULL),
       (9, N'Федоров Андрей Владимирович', N'Врач-эндокринолог', N'Вторая категория', NULL),
       (10, N'Морозова Ольга Петровна', N'Врач-дерматолог', N'Высшая категория', N'Кандидат медицинских наук'),
       (11, N'Соловьев Виктор Дмитриевич', N'Врач-психиатр', N'Первая категория', NULL),
       (12, N'Григорьева Татьяна Сергеевна', N'Врач-реабилитолог', N'Вторая категория', NULL),
       (13, N'Семенова Анна Александровна', N'Врач-стоматолог', N'Высшая категория', N'Доктор медицинских наук'),
       (14, N'Тихонов Кирилл Игоревич', N'Врач-ортопед', N'Первая категория', NULL),
       (15, N'Зайцева Екатерина Александровна', N'Врач-анестезиолог', N'Вторая категория', NULL),
       (16, N'Лебедев Игорь Станиславович', N'Врач-лор', N'Высшая категория', N'Кандидат медицинских наук'),
       (17, N'Коваленко Наталья Андреевна', N'Врач-гастроэнтеролог', N'Первая категория', NULL),
       (18, N'Павлов Сергей Анатольевич', N'Врач-онколог', N'Вторая категория', NULL);


-- Заполнение таблицы Reception
INSERT INTO Clinic.Reception (MedicalWorkerID, ServiceTypeID, PatientID, DateTime, Status, Result)
VALUES (1, 1, 1, '2024-12-16 10:00', N'Завершен', N'Жалоб нет'),
       (3, 5, 2, '2024-12-17 14:00', N'Завершен', N'Рекомендовано обследование'),
       (2, 3, 3, '2024-12-19 17:00', N'Ожидается', N''),
       (1, 1, 4, '2024-12-19 18:00', N'Ожидается', N''),
       (4, 6, 5, '2024-12-20 15:00', N'Ожидается', N'');


-- Заполнение таблицы PaymentDocuments
INSERT INTO Clinic.PaymentDocuments (MedicalWorkerID, ServiceTypeID, PatientID, ReceptionID, PaymentDate, Amount,
                                     Category, PaymentStatus)
SELECT MedicalWorkerID,
       ServiceTypeID,
       PatientID,
       ReceptionID,
       GETDATE(),
       (SELECT Price FROM Clinic.ServiceType WHERE ServiceTypeID = Reception.ServiceTypeID),
       N'Медицинские услуги',
       N'Оплачено'
FROM Clinic.Reception
WHERE ReceptionID IN (1, 2);


-- Заполнение таблицы Feedback
INSERT INTO Clinic.Feedback (PatientID, MedicalWorkerID, Rating, Comment, FeedbackDate)
VALUES (1, 1, 5, N'Отличный врач!', GETDATE()),
       (2, 1, 4, N'Хороший прием.', GETDATE()),
       (3, 2, 5, N'Всё прошло быстро и качественно.', GETDATE()),
       (4, 1, 3, N'Всё хорошо, но пришлось немного подождать.', GETDATE()),
       (5, 2, 4, N'Внимательный специалист.', GETDATE());
GO


-- Проверка корректности заполнения таблиц
SELECT * FROM Clinic.Contacts;
SELECT * FROM Clinic.Patient;
SELECT * FROM Clinic.LoyaltyProgram;
SELECT * FROM Clinic.LoyaltyProgramParticipant;
SELECT * FROM Clinic.ServiceType;
SELECT * FROM Clinic.Reception;
SELECT * FROM Clinic.Specialities;
SELECT * FROM Clinic.MedicalWorker;
SELECT * FROM Clinic.PaymentDocuments;
SELECT * FROM Clinic.Feedback;
GO

-- Удаление данных из таблиц
DELETE FROM Clinic.Feedback;
DELETE FROM Clinic.PaymentDocuments;
DELETE FROM Clinic.Reception;
DELETE FROM Clinic.LoyaltyProgramParticipant;
DELETE FROM Clinic.Patient;
DELETE FROM Clinic.Contacts;
DELETE FROM Clinic.MedicalWorker;
DELETE FROM Clinic.Specialities;
DELETE FROM Clinic.ServiceType;
DELETE FROM Clinic.LoyaltyProgram;
GO
